{"deg": -45, "data_0": {"rot": [[0.0, 0.0, 1.0], [1.0, 0.0, 0.0], [0.0, 1.0, 0.0]], "pos": [0.29415957, 0.02031978, 0.1635]}, "data_5": {"rot": [[-0.08715574274765818, 0.0, 0.9961946980917457], [0.9961946980917457, 0.0, 0.08715574274765818], [0.0, 1.0000000000000002, 0.0]], "pos": [0.29454572, 0.02073583, 0.1635]}, "data_10": {"rot": [[-0.17364817766693033, 0.0, 0.9848077530122081], [0.9848077530122081, 0.0, 0.17364817766693033], [0.0, 1.0, 0.0]], "pos": [0.29415957, 0.02031978, 0.1635]}, "data_15": {"rot": [[-0.25881904510252074, 0.0, 0.9659258262890682], [0.9659258262890682, 0.0, 0.25881904510252074], [0.0, 1.0, 0.0]], "pos": [0.29446456, 0.02102626, 0.1635]}, "data_20": {"rot": [[-0.34202014332566866, 0.0, 0.9396926207859083], [0.9396926207859083, 0.0, 0.34202014332566866], [0.0, 1, 0.0]], "pos": [0.29467229, 0.02138981, 0.1635]}, "data_25": {"rot": [[-0.42261826174069944, 0.0, 0.90630778703665], [0.90630778703665, 0.0, 0.42261826174069944], [0.0, 1.0, 0.0]], "pos": [0.29469815, 0.02150195, 0.1635]}, "data_30": {"rot": [[-0.49999999999999994, 0.0, 0.8660254037844387], [0.8660254037844387, 0.0, 0.49999999999999994], [0.0, 1.0, 0.0]], "pos": [0.29451755, 0.02169659, 0.1635]}, "data_35": {"rot": [[-0.573576436351046, 0.0, 0.8191520442889919], [0.8191520442889919, 0.0, 0.573576436351046], [0.0, 1.0, 0.0]], "pos": [0.29434135, 0.02188485, 0.1635]}, "data_40": {"rot": [[-0.6427876096865394, 0.0, 0.7660444431189781], [0.7660444431189781, 0.0, 0.6427876096865394], [0.0, 1.0, 0.0]], "pos": [0.29425811, 0.02236503, 0.1635]}, "data_45": {"rot": [[-0.7071067811865476, 0.0, 0.7071067811865475], [0.7071067811865475, 0.0, 0.7071067811865476], [0.0, 1.0, 0.0]], "pos": [0.29416486, 0.0224804, 0.1635]}, "data_-5": {"rot": [[0.08715574274765818, 0.0, 0.9961946980917457], [0.9961946980917457, 0.0, -0.08715574274765818], [0.0, 1.0000000000000002, 0.0]], "pos": [0.29385634, 0.01976959, 0.1635]}, "data_-10": {"rot": [[0.17364817766693033, 0.0, 0.9848077530122081], [0.9848077530122081, 0.0, -0.17364817766693033], [0.0, 1.0, 0.0]], "pos": [0.29346347, 0.01978333, 0.1635]}, "data_-15": {"rot": [[0.25881904510252074, 0.0, 0.9659258262890682], [0.9659258262890682, 0.0, -0.25881904510252074], [0.0, 1.0, 0.0]], "pos": [0.29323877, 0.01981731, 0.1635]}, "data_-20": {"rot": [[0.34202014332566866, 0.0, 0.9396926207859083], [0.9396926207859083, 0.0, -0.34202014332566866], [0.0, 0.9999999999999999, 0.0]], "pos": [0.29311299, 0.01976175, 0.1635]}, "data_-25": {"rot": [[0.42261826174069944, 0.0, 0.90630778703665], [0.90630778703665, 0.0, -0.42261826174069944], [0.0, 1.0, 0.0]], "pos": [0.2929016, 0.01972485, 0.1635]}, "data_-30": {"rot": [[0.49999999999999994, 0.0, 0.8660254037844387], [0.8660254037844387, 0.0, -0.49999999999999994], [0.0, 1.0, 0.0]], "pos": [0.292654, 0.01960701, 0.1635]}, "data_-35": {"rot": [[0.573576436351046, 0.0, 0.8191520442889919], [0.8191520442889919, 0.0, -0.573576436351046], [0.0, 1.0, 0.0]], "pos": [0.29262452, 0.01955498, 0.1635]}, "data_-40": {"rot": [[0.6427876096865394, 0.0, 0.7660444431189781], [0.7660444431189781, 0.0, -0.6427876096865394], [0.0, 1.0, 0.0]], "pos": [0.29199123, 0.01930396, 0.1635]}, "data_-45": {"rot": [[0.710767, 0.00586582, 0.70340306], [0.70340056, 0.00282741, -0.71078805], [-0.00615817, 0.9999788, -0.00211639]], "pos": [0.29415957, 0.02031978, 0.1635]}}